id,first_name,last_name,email,gender,ip_address
1,John,Doe,jdoe0@example.com,Male,192.168.1.1
2,Jane,Smith,jsmith1@example.com,Female,192.168.1.2
3,Robert,Johnson,rjohnson2@example.com,Male,192.168.1.3
4,Emily,Williams,ewilliams3@example.com,Female,192.168.1.4
5,Michael,Brown,mbrown4@example.com,Male,192.168.1.5
6,Sarah,Jones,sjones5@example.com,Female,192.168.1.6
7,David,Miller,dmiller6@example.com,Male,192.168.1.7
8,Lisa,Davis,ldavis7@example.com,Female,192.168.1.8
9,Thomas,Wilson,twilson8@example.com,Male,192.168.1.9
10,Jennifer,Taylor,jtaylor9@example.com,Female,192.168.1.10
11,Richard,Anderson,randerson10@example.com,Male,192.168.1.11
12,Patricia,Thomas,pthomas11@example.com,Female,192.168.1.12
13,Charles,Jackson,cjackson12@example.com,Male,192.168.1.13
14,Linda,White,lwhite13@example.com,Female,192.168.1.14
15,Daniel,Harris,dharris14@example.com,Male,192.168.1.15
16,Barbara,Martin,bmartin15@example.com,Female,192.168.1.16
17,Paul,Thompson,pthompson16@example.com,Male,192.168.1.17
18,Elizabeth,Garcia,egarcia17@example.com,Female,192.168.1.18
19,Mark,Martinez,mmartinez18@example.com,Male,192.168.1.19
20,Sandra,Robinson,srobinson19@example.com,Female,192.168.1.20
21,Joseph,Clark,jclark20@example.com,Male,192.168.1.21
22,Nancy,Rodriguez,nrodriguez21@example.com,Female,192.168.1.22
23,Christopher,Lewis,clewis22@example.com,Male,192.168.1.23
24,Margaret,Lee,mlee23@example.com,Female,192.168.1.24
25,Andrew,Walker,awalker24@example.com,Male,192.168.1.25
26,Karen,Hall,khall25@example.com,Female,192.168.1.26
27,Edward,Allen,eallen26@example.com,Male,192.168.1.27
28,Betty,Young,byoung27@example.com,Female,192.168.1.28
29,Brian,Hernandez,bhernandez28@example.com,Male,192.168.1.29
30,Helen,King,hking29@example.com,Female,192.168.1.30
31,Ronald,Wright,rwright30@example.com,Male,192.168.1.31
32,Donna,Lopez,dlopez31@example.com,Female,192.168.1.32
33,Anthony,Hill,ahill32@example.com,Male,192.168.1.33
34,Carol,Scott,cscott33@example.com,Female,192.168.1.34
35,Kevin,Green,kgreen34@example.com,Male,192.168.1.35
36,Michelle,Adams,madams35@example.com,Female,192.168.1.36
37,Jason,Baker,jbaker36@example.com,Male,192.168.1.37
38,Dorothy,Gonzalez,dgonzalez37@example.com,Female,192.168.1.38
39,Matthew,Nelson,mnelson38@example.com,Male,192.168.1.39
40,Deborah,Carter,dcarter39@example.com,Female,192.168.1.40
41,Donald,Mitchell,dmitchell40@example.com,Male,192.168.1.41
42,Amanda,Perez,aperez41@example.com,Female,192.168.1.42
43,George,Roberts,groberts42@example.com,Male,192.168.1.43
44,Stephanie,Turner,sturner43@example.com,Female,192.168.1.44
45,Kenneth,Phillips,kphillips44@example.com,Male,192.168.1.45
46,Rebecca,Campbell,rcampbell45@example.com,Female,192.168.1.46
47,Steven,Parker,sparker46@example.com,Male,192.168.1.47
48,Laura,Evans,levans47@example.com,Female,192.168.1.48
49,Edward,Edwards,eedwards48@example.com,Male,192.168.1.49
50,Sharon,Collins,scollins49@example.com,Female,192.168.1.50
51,Timothy,Stewart,tstewart50@example.com,Male,192.168.1.51
52,Cynthia,Sanchez,csanchez51@example.com,Female,192.168.1.52
53,Jeffrey,Morris,jmorris52@example.com,Male,192.168.1.53
54,Kathleen,Rogers,krogers53@example.com,Female,192.168.1.54
55,Jacob,Reed,jreed54@example.com,Male,192.168.1.55
56,Pamela,Cook,pcook55@example.com,Female,192.168.1.56
57,Gary,Morgan,gmorgan56@example.com,Male,192.168.1.57
58,Virginia,Bell,vbell57@example.com,Female,192.168.1.58
59,Nicholas,Murphy,nmurphy58@example.com,Male,192.168.1.59
60,Debra,Bailey,dbailey59@example.com,Female,192.168.1.60
61,Jonathan,Rivera,jrivera60@example.com,Male,192.168.1.61
62,Judith,Cooper,jcooper61@example.com,Female,192.168.1.62
63,Ryan,Richardson,rrichardson62@example.com,Male,192.168.1.63
64,Carolyn,Cox,ccox63@example.com,Female,192.168.1.64
65,Tyler,Howard,thoward64@example.com,Male,192.168.1.65
66,Christine,Ward,cward65@example.com,Female,192.168.1.66
67,Brandon,Torres,btorres66@example.com,Male,192.168.1.67
68,Catherine,Peterson,cpeterson67@example.com,Female,192.168.1.68
69,Samuel,Gray,sgray68@example.com,Male,192.168.1.69
70,Frances,Ramirez,framirez69@example.com,Female,192.168.1.70
71,Alexander,James,ajames70@example.com,Male,192.168.1.71
72,Ann,Watson,awatson71@example.com,Female,192.168.1.72
73,Gregory,Brooks,gbrooks72@example.com,Male,192.168.1.73
74,Diana,Kelly,dkelly73@example.com,Female,192.168.1.74
75,Jerry,Sanders,jsanders74@example.com,Male,192.168.1.75
76,Julie,Price,jprice75@example.com,Female,192.168.1.76
77,Frank,Bennett,fbennett76@example.com,Male,192.168.1.77
78,Alice,Wood,awood77@example.com,Female,192.168.1.78
79,Scott,Barnes,sbarnes78@example.com,Male,192.168.1.79
80,Jean,Ross,jross79@example.com,Female,192.168.1.80
81,Eric,Henderson,ehenderson80@example.com,Male,192.168.1.81
82,Marie,Coleman,mcoleman81@example.com,Female,192.168.1.82
83,Stephen,Jenkins,sjenkins82@example.com,Male,192.168.1.83
84,Heather,Perry,hperry83@example.com,Female,192.168.1.84
85,Larry,Powell,lpowell84@example.com,Male,192.168.1.85
86,Teresa,Long,tlong85@example.com,Female,192.168.1.86
87,Justin,Patterson,jpatterson86@example.com,Male,192.168.1.87
88,Evelyn,Hughes,ehughes87@example.com,Female,192.168.1.88
89,Jeremy,Flores,jflores88@example.com,Male,192.168.1.89
90,Cheryl,Washington,cwashington89@example.com,Female,192.168.1.90
91,Roy,Butler,rbutler90@example.com,Male,192.168.1.91
92,Janice,Simmons,jsimmons91@example.com,Female,192.168.1.92
93,Russell,Foster,rfoster92@example.com,Male,192.168.1.93
94,Kathryn,Gonzales,kgonzales93@example.com,Female,192.168.1.94
95,Wayne,Bryant,wbryant94@example.com,Male,192.168.1.95
96,Lori,Alexander,lalexander95@example.com,Female,192.168.1.96
97,Alan,Russell,arussell96@example.com,Male,192.168.1.97
98,Andrea,Griffin,agriffin97@example.com,Female,192.168.1.98
99,Harry,Diaz,hdiaz98@example.com,Male,192.168.1.99
100,Maria,Hayes,mhayes99@example.com,Female,192.168.1.100
